Entity,Code,Year,"Air transport, passengers carried"
Algeria,DZA,1970,563200.0
Algeria,DZA,1971,714800.0
Algeria,DZA,1972,843900.0
Algeria,DZA,1973,1053600.0
Algeria,DZA,1974,1252100.0
Algeria,DZA,1975,1618000.0
Algeria,DZA,1976,1681600.0
Algeria,DZA,1977,1997100.0
Algeria,DZA,1978,2229000.0
Algeria,DZA,1979,2663400.0
Algeria,DZA,1980,2950000.0
Algeria,DZA,1981,3000000.0
Algeria,DZA,1982,3150000.0
Algeria,DZA,1983,3410500.0
Algeria,DZA,1984,3781000.0
Algeria,DZA,1985,3965900.0
Algeria,DZA,1986,3689900.0
Algeria,DZA,1987,3566900.0
Algeria,DZA,1988,3655000.0
Algeria,DZA,1989,3862300.0
Algeria,DZA,1990,3748000.0
Algeria,DZA,1991,3385000.0
Algeria,DZA,1992,3551100.0
Algeria,DZA,1993,3254500.0
Algeria,DZA,1994,3241000.0
Algeria,DZA,1995,3477800.0
Algeria,DZA,1996,3494100.0
Algeria,DZA,1997,3517700.0
Algeria,DZA,1998,3381800.0
Algeria,DZA,1999,2936800.0
Algeria,DZA,2000,2997480.0
Algeria,DZA,2001,3419249.0
Algeria,DZA,2002,3002232.0
Algeria,DZA,2003,3292815.0
Algeria,DZA,2004,3236364.0
Algeria,DZA,2005,3037298.0
Algeria,DZA,2006,2899722.0
Algeria,DZA,2007,2813018.0
Algeria,DZA,2008,2884506.0
Algeria,DZA,2009,4370917.0
Algeria,DZA,2010,3372283.0
Algeria,DZA,2011,3543663.0
Algeria,DZA,2012,4082595.0
Algeria,DZA,2013,4492437.0
Algeria,DZA,2014,5021289.0
Algeria,DZA,2015,5400896.0
Algeria,DZA,2016,6093416.0
Algeria,DZA,2017,6230157.0
Algeria,DZA,2018,6442442.0
Algeria,DZA,2019,6752002.0
Algeria,DZA,2020,1460077.0
Algeria,DZA,2021,1949936.0
Algeria,DZA,2022,4621351.0
Algeria,DZA,2023,7160662.5
Egypt,EGY,1970,542500.0
Egypt,EGY,1971,515400.0
Egypt,EGY,1972,623100.0
Egypt,EGY,1973,656300.0
Egypt,EGY,1974,837000.0
Egypt,EGY,1975,916900.0
Egypt,EGY,1976,1112700.0
Egypt,EGY,1977,1282400.0
Egypt,EGY,1978,1426300.0
Egypt,EGY,1979,1689800.0
Egypt,EGY,1980,2027700.0
Egypt,EGY,1981,2232600.0
Egypt,EGY,1982,2433200.0
Egypt,EGY,1983,2617700.0
Egypt,EGY,1984,2786200.0
Egypt,EGY,1985,2786200.0
Egypt,EGY,1986,2350100.0
Egypt,EGY,1987,2891200.0
Egypt,EGY,1988,3192100.0
Egypt,EGY,1989,3418600.0
Egypt,EGY,1990,3239200.0
Egypt,EGY,1991,2595400.0
Egypt,EGY,1992,3608600.0
Egypt,EGY,1993,2880500.0
Egypt,EGY,1994,3537500.0
Egypt,EGY,1995,3897200.0
Egypt,EGY,1996,4282400.0
Egypt,EGY,1997,4416300.0
Egypt,EGY,1998,3894900.0
Egypt,EGY,1999,4620100.0
Egypt,EGY,2000,4521702.0
Egypt,EGY,2001,4389163.0
Egypt,EGY,2002,4526688.0
Egypt,EGY,2003,4180814.0
Egypt,EGY,2004,4621310.0
Egypt,EGY,2005,4888146.0
Egypt,EGY,2006,4988262.0
Egypt,EGY,2007,5829044.0
Egypt,EGY,2008,6688999.0
Egypt,EGY,2009,6215870.0
Egypt,EGY,2010,9518106.0
Egypt,EGY,2011,7708160.0
Egypt,EGY,2012,9081175.0
Egypt,EGY,2013,10593780.0
Egypt,EGY,2014,10278013.0
Egypt,EGY,2015,11109554.0
Egypt,EGY,2016,11844962.0
Egypt,EGY,2017,11748510.0
Egypt,EGY,2018,12386010.0
Egypt,EGY,2019,13206890.0
Egypt,EGY,2020,4638192.5
Egypt,EGY,2021,5563387.0
Egypt,EGY,2022,12152219.0
Egypt,EGY,2023,16672111.0
France,FRA,1970,9108000.0
France,FRA,1971,9569200.0
France,FRA,1972,11285100.0
France,FRA,1973,11957500.0
France,FRA,1974,12159300.0
France,FRA,1975,13112800.0
France,FRA,1976,14301900.0
France,FRA,1977,15431300.0
France,FRA,1978,16821200.0
France,FRA,1979,17967000.0
France,FRA,1980,19521000.0
France,FRA,1981,21591200.0
France,FRA,1982,22372400.0
France,FRA,1983,23278100.0
France,FRA,1984,23694300.0
France,FRA,1985,24491900.0
France,FRA,1986,25211400.0
France,FRA,1987,27950200.0
France,FRA,1988,30667300.0
France,FRA,1989,33975500.0
France,FRA,1990,35963900.0
France,FRA,1991,33127800.0
France,FRA,1992,33963900.0
France,FRA,1993,35625600.0
France,FRA,1994,38170400.0
France,FRA,1995,36020400.0
France,FRA,1996,41252600.0
France,FRA,1997,43400700.0
France,FRA,1998,42232400.0
France,FRA,1999,49536300.0
France,FRA,2000,52581310.0
France,FRA,2001,50476540.0
France,FRA,2002,49305864.0
France,FRA,2003,47258820.0
France,FRA,2004,48543470.0
France,FRA,2005,52477176.0
France,FRA,2006,59537870.0
France,FRA,2007,61551256.0
France,FRA,2008,61214656.0
France,FRA,2009,58318310.0
France,FRA,2010,60864424.0
France,FRA,2011,64185340.0
France,FRA,2012,64683770.0
France,FRA,2013,63925150.0
France,FRA,2014,63434264.0
France,FRA,2015,65039504.0
France,FRA,2016,65362744.0
France,FRA,2017,68316470.0
France,FRA,2018,70188030.0
France,FRA,2019,71289280.0
France,FRA,2020,24956344.0
France,FRA,2021,32000528.0
France,FRA,2022,59323268.0
France,FRA,2023,64644716.0
Morocco,MAR,1970,289500.0
Morocco,MAR,1971,362000.0
Morocco,MAR,1972,410300.0
Morocco,MAR,1973,486500.0
Morocco,MAR,1974,509600.0
Morocco,MAR,1975,672900.0
Morocco,MAR,1976,808900.0
Morocco,MAR,1977,1047200.0
Morocco,MAR,1978,1131700.0
Morocco,MAR,1979,1153800.0
Morocco,MAR,1980,947400.0
Morocco,MAR,1981,929600.0
Morocco,MAR,1982,974100.0
Morocco,MAR,1983,932200.0
Morocco,MAR,1984,1000700.0
Morocco,MAR,1985,1113900.0
Morocco,MAR,1986,1095500.0
Morocco,MAR,1987,1187400.0
Morocco,MAR,1988,1267300.0
Morocco,MAR,1989,1360800.0
Morocco,MAR,1990,1580000.0
Morocco,MAR,1991,1429700.0
Morocco,MAR,1992,2169000.0
Morocco,MAR,1993,2139600.0
Morocco,MAR,1994,2183900.0
Morocco,MAR,1995,2147200.0
Morocco,MAR,1996,2301200.0
Morocco,MAR,1997,2638400.0
Morocco,MAR,1998,3012000.0
Morocco,MAR,1999,3392100.0
Morocco,MAR,2000,3671317.0
Morocco,MAR,2001,3680688.0
Morocco,MAR,2002,3049154.0
Morocco,MAR,2003,2638314.0
Morocco,MAR,2004,3004353.0
Morocco,MAR,2005,3492984.0
Morocco,MAR,2006,4109489.0
Morocco,MAR,2007,4623543.0
Morocco,MAR,2008,4927341.0
Morocco,MAR,2009,4930683.0
Morocco,MAR,2010,7144446.0
Morocco,MAR,2011,7502696.5
Morocco,MAR,2012,6563646.5
Morocco,MAR,2013,6507408.0
Morocco,MAR,2014,6976810.0
Morocco,MAR,2015,7043971.0
Morocco,MAR,2016,7738637.0
Morocco,MAR,2017,8667392.0
Morocco,MAR,2018,8132917.0
Morocco,MAR,2019,9380951.0
Morocco,MAR,2020,3012310.0
Morocco,MAR,2021,4740714.0
Morocco,MAR,2022,7466482.0
Morocco,MAR,2023,9354197.0
Spain,ESP,1970,6347400.0
Spain,ESP,1971,7505400.0
Spain,ESP,1972,8654900.0
Spain,ESP,1973,9964000.0
Spain,ESP,1974,10198100.0
Spain,ESP,1975,10959100.0
Spain,ESP,1976,11801100.0
Spain,ESP,1977,13328200.0
Spain,ESP,1978,15369000.0
Spain,ESP,1979,15683000.0
Spain,ESP,1980,15089000.0
Spain,ESP,1981,14601800.0
Spain,ESP,1982,14637600.0
Spain,ESP,1983,14538000.0
Spain,ESP,1984,14283900.0
Spain,ESP,1985,14850700.0
Spain,ESP,1986,15403500.0
Spain,ESP,1987,16553300.0
Spain,ESP,1988,18983200.0
Spain,ESP,1989,20270300.0
Spain,ESP,1990,21652000.0
Spain,ESP,1991,20944600.0
Spain,ESP,1992,23385800.0
Spain,ESP,1993,22279400.0
Spain,ESP,1994,22361300.0
Spain,ESP,1995,25765700.0
Spain,ESP,1996,27759200.0
Spain,ESP,1997,30315700.0
Spain,ESP,1998,31594100.0
Spain,ESP,1999,33559400.0
Spain,ESP,2000,39711776.0
Spain,ESP,2001,41469788.0
Spain,ESP,2002,40380628.0
Spain,ESP,2003,42506836.0
Spain,ESP,2004,45539950.0
Spain,ESP,2005,49855010.0
Spain,ESP,2006,53122464.0
Spain,ESP,2007,60664990.0
Spain,ESP,2008,55213716.0
Spain,ESP,2009,49289160.0
Spain,ESP,2010,52847710.0
Spain,ESP,2011,52736140.0
Spain,ESP,2012,48089180.0
Spain,ESP,2013,48056736.0
Spain,ESP,2014,53069340.0
Spain,ESP,2015,60564040.0
Spain,ESP,2016,66674868.0
Spain,ESP,2017,71598376.0
Spain,ESP,2018,80706700.0
Spain,ESP,2019,88237170.0
Spain,ESP,2020,26557078.0
Spain,ESP,2021,43440480.0
Spain,ESP,2022,80908170.0
Spain,ESP,2023,94101520.0
Tunisia,TUN,1970,244800.0
Tunisia,TUN,1971,308900.0
Tunisia,TUN,1972,375100.0
Tunisia,TUN,1973,485600.0
Tunisia,TUN,1974,629600.0
Tunisia,TUN,1975,782000.0
Tunisia,TUN,1976,809300.0
Tunisia,TUN,1977,855500.0
Tunisia,TUN,1978,963000.0
Tunisia,TUN,1979,1088800.0
Tunisia,TUN,1980,978200.0
Tunisia,TUN,1981,1140900.0
Tunisia,TUN,1982,1209100.0
Tunisia,TUN,1983,1258100.0
Tunisia,TUN,1984,1254900.0
Tunisia,TUN,1985,1281600.0
Tunisia,TUN,1986,1054800.0
Tunisia,TUN,1987,1203300.0
Tunisia,TUN,1988,1210300.0
Tunisia,TUN,1989,1315400.0
Tunisia,TUN,1990,1313000.0
Tunisia,TUN,1991,1201200.0
Tunisia,TUN,1992,1249900.0
Tunisia,TUN,1993,1351000.0
Tunisia,TUN,1994,1390800.0
Tunisia,TUN,1995,1419400.0
Tunisia,TUN,1996,1371200.0
Tunisia,TUN,1997,1779300.0
Tunisia,TUN,1998,1859000.0
Tunisia,TUN,1999,1922600.0
Tunisia,TUN,2000,1907876.0
Tunisia,TUN,2001,1926118.0
Tunisia,TUN,2002,1789327.0
Tunisia,TUN,2003,1719524.0
Tunisia,TUN,2004,1940037.0
Tunisia,TUN,2005,1996699.0
Tunisia,TUN,2006,2054641.0
Tunisia,TUN,2007,2054679.0
Tunisia,TUN,2008,2274580.0
Tunisia,TUN,2009,2278964.0
Tunisia,TUN,2010,2739634.0
Tunisia,TUN,2011,3153389.0
Tunisia,TUN,2012,3580910.2
Tunisia,TUN,2013,4648608.0
Tunisia,TUN,2014,4628511.0
Tunisia,TUN,2015,3496190.0
Tunisia,TUN,2016,3606247.0
Tunisia,TUN,2017,3963968.0
Tunisia,TUN,2018,4274199.0
Tunisia,TUN,2019,4335325.0
Tunisia,TUN,2020,1381745.0
Tunisia,TUN,2021,1675777.0
Tunisia,TUN,2022,3807115.0
Tunisia,TUN,2023,4110265.0
